{
  "schema_version": 1,
  "aggregation": "zero_veto_else_arithmetic_mean",
  "attempts_per_proof": 64,
  "problems": [
    {
      "problem_id": "1",
      "attempts": 64,
      "attempt_scores": [
        7,
        4,
        7,
        7,
        7,
        7,
        7,
        7,
        4,
        4,
        7,
        7,
        7,
        4,
        7,
        6,
        7,
        7,
        4,
        3,
        4,
        5,
        7,
        4,
        7,
        7,
        7,
        7,
        7,
        5,
        7,
        7,
        7,
        4,
        7,
        5,
        7,
        6,
        7,
        7,
        7,
        7,
        7,
        7,
        7,
        7,
        7,
        4,
        7,
        7,
        4,
        7,
        7,
        7,
        4,
        7,
        7,
        4,
        4,
        7,
        7,
        4,
        7,
        4
      ],
      "zero_veto_triggered": false,
      "score_out_of_7": 6.109375,
      "score_percent": 87.27678571428571
    },
    {
      "problem_id": "2",
      "attempts": 64,
      "attempt_scores": [
        0,
        0,
        0,
        0,
        0,
        0,
        0,
        0,
        0,
        0,
        0,
        0,
        0,
        0,
        0,
        0,
        0,
        0,
        0,
        0,
        0,
        0,
        0,
        2,
        0,
        0,
        0,
        0,
        0,
        0,
        0,
        0,
        0,
        0,
        0,
        0,
        0,
        0,
        0,
        0,
        0,
        0,
        0,
        0,
        0,
        2,
        0,
        0,
        2,
        0,
        0,
        0,
        0,
        0,
        0,
        0,
        2,
        0,
        0,
        2,
        0,
        0,
        0,
        0
      ],
      "zero_veto_triggered": true,
      "score_out_of_7": 0.0,
      "score_percent": 0.0
    },
    {
      "problem_id": "3",
      "attempts": 64,
      "attempt_scores": [
        1,
        1,
        1,
        1,
        1,
        1,
        1,
        1,
        1,
        1,
        1,
        6,
        1,
        1,
        1,
        1,
        1,
        1,
        2,
        1,
        1,
        2,
        1,
        1,
        1,
        1,
        1,
        1,
        1,
        0,
        1,
        1,
        5,
        1,
        1,
        1,
        1,
        1,
        2,
        1,
        1,
        1,
        1,
        1,
        1,
        1,
        1,
        1,
        5,
        1,
        6,
        1,
        1,
        2,
        1,
        1,
        1,
        1,
        1,
        1,
        2,
        1,
        1,
        1
      ],
      "zero_veto_triggered": true,
      "score_out_of_7": 0.0,
      "score_percent": 0.0
    },
    {
      "problem_id": "4",
      "attempts": 64,
      "attempt_scores": [
        7,
        7,
        7,
        7,
        7,
        7,
        7,
        7,
        7,
        7,
        7,
        7,
        7,
        7,
        7,
        7,
        7,
        7,
        7,
        7,
        7,
        7,
        7,
        7,
        7,
        7,
        7,
        7,
        7,
        7,
        7,
        7,
        7,
        7,
        7,
        7,
        7,
        7,
        7,
        7,
        7,
        7,
        7,
        7,
        7,
        7,
        7,
        7,
        7,
        7,
        7,
        7,
        7,
        7,
        7,
        7,
        7,
        7,
        7,
        7,
        7,
        7,
        7,
        7
      ],
      "zero_veto_triggered": false,
      "score_out_of_7": 7,
      "score_percent": 100.0
    },
    {
      "problem_id": "5",
      "attempts": 64,
      "attempt_scores": [
        6,
        6,
        6,
        5,
        5,
        6,
        5,
        5,
        3,
        3,
        5,
        3,
        3,
        3,
        6,
        5,
        3,
        5,
        3,
        6,
        3,
        3,
        3,
        3,
        3,
        5,
        5,
        3,
        5,
        3,
        6,
        5,
        6,
        3,
        5,
        5,
        5,
        3,
        3,
        3,
        3,
        5,
        6,
        5,
        6,
        3,
        3,
        3,
        6,
        5,
        5,
        5,
        5,
        6,
        5,
        5,
        3,
        3,
        5,
        3,
        3,
        5,
        5,
        5
      ],
      "zero_veto_triggered": false,
      "score_out_of_7": 4.375,
      "score_percent": 62.5
    },
    {
      "problem_id": "6",
      "attempts": 64,
      "attempt_scores": [
        1,
        1,
        1,
        1,
        1,
        1,
        1,
        1,
        1,
        1,
        1,
        1,
        1,
        1,
        1,
        1,
        1,
        1,
        1,
        1,
        2,
        1,
        1,
        1,
        1,
        1,
        1,
        1,
        1,
        1,
        1,
        1,
        1,
        1,
        2,
        1,
        1,
        1,
        1,
        1,
        1,
        1,
        1,
        1,
        1,
        1,
        1,
        1,
        1,
        1,
        1,
        1,
        1,
        1,
        1,
        1,
        1,
        1,
        1,
        1,
        1,
        1,
        1,
        1
      ],
      "zero_veto_triggered": false,
      "score_out_of_7": 1.03125,
      "score_percent": 14.732142857142858
    }
  ],
  "overall_score_out_of_7": 3.0859375,
  "overall_score_percent": 44.08482142857143,
  "grader_model": "gpt-5.6-sol",
  "grader_api": "responses",
  "grader_reasoning": "high",
  "grader_prompt_sha256": {
    "system": "5100cf0bcd50fdd54a413ed8f073653eecfe0da5eed46884de547f623958208b",
    "user": "891fc2780e070dd0da7181a845798624e1d67ff598c96ec9f35c10dad7567c26"
  },
  "prompt_cache": {
    "mode": "implicit",
    "ttl": "30m",
    "warmup_attempts_per_problem": 1,
    "input_tokens": 1461376,
    "cache_write_tokens": 27691,
    "cached_tokens": 1424907,
    "cache_hit_attempts": 375
  }
}
